<annotation>
	<folder>collectedimages</folder>
	<filename>0(A).jpg</filename>
	<path>C:\Users\HP\RealTimeObjectDetection\Tensorflow\workspace\images\collectedimages\0(A).jpg</path>
	<source>
		<database>Unknown</database>
	</source>
	<size>
		<width>128</width>
		<height>128</height>
		<depth>3</depth>
	</size>
	<segmented>0</segmented>
	<object>
		<name>A</name>
		<pose>Unspecified</pose>
		<truncated>0</truncated>
		<difficult>0</difficult>
		<bndbox>
			<xmin>5</xmin>
			<ymin>35</ymin>
			<xmax>127</xmax>
			<ymax>109</ymax>
		</bndbox>
	</object>
</annotation>
