<annotation>
	<folder>collectedimages</folder>
	<filename>0(E).jpg</filename>
	<path>C:\Users\HP\RealTimeObjectDetection\Tensorflow\workspace\images\collectedimages\0(E).jpg</path>
	<source>
		<database>Unknown</database>
	</source>
	<size>
		<width>128</width>
		<height>128</height>
		<depth>3</depth>
	</size>
	<segmented>0</segmented>
	<object>
		<name>E</name>
		<pose>Unspecified</pose>
		<truncated>1</truncated>
		<difficult>0</difficult>
		<bndbox>
			<xmin>1</xmin>
			<ymin>14</ymin>
			<xmax>128</xmax>
			<ymax>109</ymax>
		</bndbox>
	</object>
</annotation>
