<annotation>
	<folder>collectedimages</folder>
	<filename>1(D).jpg</filename>
	<path>C:\Users\HP\RealTimeObjectDetection\Tensorflow\workspace\images\collectedimages\1(D).jpg</path>
	<source>
		<database>Unknown</database>
	</source>
	<size>
		<width>128</width>
		<height>128</height>
		<depth>3</depth>
	</size>
	<segmented>0</segmented>
	<object>
		<name>D</name>
		<pose>Unspecified</pose>
		<truncated>1</truncated>
		<difficult>0</difficult>
		<bndbox>
			<xmin>1</xmin>
			<ymin>1</ymin>
			<xmax>128</xmax>
			<ymax>127</ymax>
		</bndbox>
	</object>
</annotation>
